[
  {
    "id": 1,
    "title": "Untitled",
    "status": "draft",
    "created_at": "2025-09-07T05:49:24.988Z"
  },
  {
    "id": 2,
    "title": "Untitled",
    "status": "draft",
    "created_at": "2025-09-07T05:54:26.065Z"
  },
  {
    "id": 3,
    "title": "Untitled",
    "status": "draft",
    "created_at": "2025-09-07T07:18:16.759Z"
  },
  {
    "id": 4,
    "title": "Untitled",
    "status": "draft",
    "created_at": "2025-09-07T20:08:51.258Z"
  },
  {
    "id": 5,
    "title": "Untitled",
    "status": "draft",
    "created_at": "2025-09-08T03:26:36.470Z"
  }
]